<?xml version="1.0" encoding="UTF-8"?>
<net name="C:\Documents and Settings\Administrator\My Documents\Workspace\Project1\Untitled PetriEditor\Untitled PetriEditor.pef.xml" type="PTPN" xmlns="http://www.dsi.unifi.it/PN1">
    <resource id="r0" name="cpu"/>
    <place id="p0" id_place="0" name="WaitReadADCSemWriteBufferIn" tokens="0"/>
    <place id="p1" id_place="1" name="ReadADCSemWriteBufferIn" tokens="0"/>
    <place id="p2" id_place="2" name="ADCSem" tokens="1"/>
    <place id="p3" id_place="3" name="WaitReadADCDataIn" tokens="0"/>
    <place id="p4" id_place="4" name="ReadADCDataIn" tokens="0"/>
    <place id="p6" id_place="6" name="WaitReadASCanDataIn" tokens="0"/>
    <place id="p5" id_place="5" name="ReadASCanDataIn" tokens="0"/>
    <place id="p7" id_place="7" name="ASCanSem" tokens="1"/>
    <place id="p8" id_place="8" name="SendTelemetryIn" tokens="0"/>
    <place id="p9" id_place="9" name="WaitReadAPPSIn" tokens="0"/>
    <place id="p10" id_place="10" name="ReadAPPSIn" tokens="0"/>
    <place id="p11" id_place="11" name="EngCanSem" tokens="1"/>
    <place id="p12" id_place="12" name="SendDataIn" tokens="0"/>
    <place id="p13" id_place="13" name="CheckPlausabilityIn" tokens="0"/>
    <place id="p14" id_place="14" name="ReadTempDataIn" tokens="0"/>
    <place id="p15" id_place="15" name="WaitReadTempDataIn" tokens="0"/>
    <place id="p16" id_place="16" name="HandleFanSpeedIn" tokens="0"/>
    <place id="p17" id_place="17" name="WaitEngineCanRxHandlerIn" tokens="0"/>
    <place id="p18" id_place="18" name="EngineCanRxHandlerIn" tokens="0"/>
    <place id="p19" id_place="19" name="WaitASCanRxHandlerIn" tokens="0"/>
    <place id="p20" id_place="20" name="ASCanRxHandlerIn" tokens="0"/>
    <place id="p21" id_place="21" name="WaitEngingCanTxHandlerIn" tokens="0"/>
    <place id="p22" id_place="22" name="EngineCanTxHandlerIn" tokens="0"/>
    <place id="p23" id_place="23" name="WaitASCanTxHandlerIn" tokens="0"/>
    <place id="p24" id_place="24" name="ASCanTxHandlerIn" tokens="0"/>
    <place id="p27" id_place="27" name="CanErrSem" tokens="1"/>
    <place id="p25" id_place="25" name="WaitCheckCANIn" tokens="0"/>
    <place id="p26" id_place="26" name="CheckCANIn" tokens="0"/>
    <place id="p28" id_place="28" name="WaitReadHeartbitIn" tokens="0"/>
    <place id="p29" id_place="29" name="ReadHeartbitIn" tokens="0"/>
    <place id="p30" id_place="30" name="WaitGetEBSAirPressureIn" tokens="0"/>
    <place id="p31" id_place="31" name="GetEBSAirPressureIn" tokens="0"/>
    <place id="p32" id_place="32" name="EngageSDCIn" tokens="0"/>
    <place id="p33" id_place="33" name="WaitReadModeDataIn" tokens="0"/>
    <place id="p34" id_place="34" name="ReadModeDataIn" tokens="0"/>
    <place id="p35" id_place="35" name="UpdateModeIn" tokens="0"/>
    <place id="p36" id_place="36" name="WaitReadRPMIn" tokens="0"/>
    <place id="p37" id_place="37" name="ReadRPMIn" tokens="0"/>
    <place id="p38" id_place="38" name="CheckPlausabilityIn1" tokens="0"/>
    <place id="p39" id_place="39" name="WaitReadRPM1" tokens="0"/>
    <place id="p42" id_place="42" name="CheckASMSOffIn" tokens="0"/>
    <place id="p43" id_place="43" name="CheckModeIn1" tokens="0"/>
    <place id="p40" id_place="40" name="ASBCheckTaskIn" tokens="0"/>
    <place id="p41" id_place="41" name="ASBCkeckIn1" tokens="0"/>
    <place id="p44" id_place="44" name="ReadEBSAirPressureIn" tokens="0"/>
    <place id="p45" id_place="45" name="WaitReadEBSAirPressureIn" tokens="0"/>
    <place id="p46" id_place="46" name="WaitReadBrakePressureIn" tokens="0"/>
    <place id="p47" id_place="47" name="ReadBrakePressureIn" tokens="0"/>
    <place id="p48" id_place="48" name="WaitReadRPMIn2" tokens="0"/>
    <place id="p49" id_place="49" name="ReadRPMIn2" tokens="0"/>
    <place id="p50" id_place="50" name="TurnOffEBSValvesIn" tokens="0"/>
    <place id="p51" id_place="51" name="WaitReadBrakePressureIn1" tokens="0"/>
    <place id="p52" id_place="52" name="ReadBrakePressureIn1" tokens="0"/>
    <place id="p53" id_place="53" name="CheckModeIn3" tokens="0"/>
    <place id="p54" id_place="54" name="TurnOnEBSValvesIn" tokens="0"/>
    <place id="p55" id_place="55" name="WaitReadEBSAirPressureIn1" tokens="0"/>
    <place id="p56" id_place="56" name="ReadEBSAirPressure1In" tokens="0"/>
    <place id="p57" id_place="57" name="CheckModeIn4" tokens="0"/>
    <place id="p58" id_place="58" name="WaitSetASBCheckIn" tokens="0"/>
    <place id="p59" id_place="59" name="SetASBCheckIn" tokens="0"/>
    <place id="p60" id_place="60" name="SendPCSartIn" tokens="0"/>
    <place id="p61" id_place="61" name="OpenSDCIn" tokens="0"/>
    <place id="p62" id_place="62" name="SendErrorToPilotIn" tokens="0"/>
    <place id="p63" id_place="63" name="CheckModeIn2" tokens="0"/>
    <place id="p64" id_place="64" name="ASBCheckSem" tokens="1"/>
    <place id="p65" id_place="65" name="WaitReadEngineDataIn" tokens="0"/>
    <place id="p66" id_place="66" name="ReadEngineDataIn" tokens="0"/>
    <place id="p67" id_place="67" name="WaitReadRPM3In" tokens="0"/>
    <place id="p68" id_place="68" name="ReadRPM3In" tokens="0"/>
    <place id="p69" id_place="69" name="WaitReadASDataIn" tokens="0"/>
    <place id="p70" id_place="70" name="ReadASDataIn" tokens="0"/>
    <place id="p71" id_place="71" name="ReadGPIOIn" tokens="0"/>
    <place id="p72" id_place="72" name="WaitReadCheckASBIn" tokens="0"/>
    <place id="p73" id_place="73" name="ReadCheckASBIn" tokens="0"/>
    <place id="p74" id_place="74" name="ASStateHandlerIn" tokens="0"/>
    <place id="p75" id_place="75" name="SetASEmergencyIn" tokens="0"/>
    <place id="p76" id_place="76" name="SetASFinishedIn" tokens="0"/>
    <place id="p78" id_place="78" name="SetASDrivingIn" tokens="0"/>
    <place id="p79" id_place="79" name="SetASReadyIn" tokens="0"/>
    <place id="p80" id_place="80" name="SetASOFFIn" tokens="0"/>
    <place id="p77" id_place="77" name="WaitReadAccCanIn" tokens="0"/>
    <place id="p81" id_place="81" name="ReadAccCanIn" tokens="0"/>
    <place id="p82" id_place="82" name="ASAccIn" tokens="0"/>
    <place id="p83" id_place="83" name="LauchRoutineIn" tokens="0"/>
    <place id="p84" id_place="84" name="SlowRoutineIn" tokens="0"/>
    <place id="p85" id_place="85" name="ASAccIn1" tokens="0"/>
    <place id="p86" id_place="86" name="SendAccMotorIn" tokens="0"/>
    <place id="p87" id_place="87" name="SetLaunchIn" tokens="0"/>
    <place id="p88" id_place="88" name="WaitGetDesmoPositionIn" tokens="0"/>
    <place id="p89" id_place="89" name="GetDesmoPositionIn" tokens="0"/>
    <place id="p90" id_place="90" name="GetCurrentGearIn" tokens="0"/>
    <place id="p91" id_place="91" name="WaitReadRequestedShiftIn" tokens="0"/>
    <place id="p92" id_place="92" name="ReadRequestedShiftIn" tokens="0"/>
    <place id="p93" id_place="93" name="WaitReadRPMIn4" tokens="0"/>
    <place id="p94" id_place="94" name="ReadRPMIn4" tokens="0"/>
    <place id="p95" id_place="95" name="ActuateGearIn" tokens="0"/>
    <transition id="t0" id_trans="0" name="ADCTask" type="preempted" weight="1" priority="5">
        <time EFT="50000" LFT="50000"/>
    </transition>
    <transition id="t1" id_trans="1" name="WaitReadADCSemWriteBuffer" type="preempted" weight="1" priority="5">
        <transition_resource ref="r0"/>
        <time EFT="0" LFT="0"/>
    </transition>
    <transition id="t2" id_trans="2" name="ReadADCSemWriteBuffer" type="preempted" weight="1" priority="5">
        <transition_resource ref="r0"/>
        <time EFT="1" LFT="1"/>
    </transition>
    <transition id="t3" id_trans="3" name="TelemetryTask" type="preempted" weight="1" priority="10">
        <time EFT="200000" LFT="200000"/>
    </transition>
    <transition id="t4" id_trans="4" name="WaitReadADCData" type="preempted" weight="1" priority="10">
        <transition_resource ref="r0"/>
        <time EFT="0" LFT="0"/>
    </transition>
    <transition id="t5" id_trans="5" name="WaitReadASCanData" type="preempted" weight="1" priority="10">
        <transition_resource ref="r0"/>
        <time EFT="0" LFT="0"/>
    </transition>
    <transition id="t8" id_trans="8" name="SendTelemetry" type="preempted" weight="1" priority="10">
        <transition_resource ref="r0"/>
        <time EFT="11" LFT="50"/>
    </transition>
    <transition id="t9" id_trans="9" name="ReadADCData" type="preempted" weight="1" priority="10">
        <transition_resource ref="r0"/>
        <time EFT="1" LFT="1"/>
    </transition>
    <transition id="t7" id_trans="7" name="ReadASCanData" type="preempted" weight="1" priority="10">
        <transition_resource ref="r0"/>
        <time EFT="1" LFT="1"/>
    </transition>
    <transition id="t6" id_trans="6" name="PedalTask" type="preempted" weight="1" priority="7">
        <time EFT="100000" LFT="100000"/>
    </transition>
    <transition id="t11" id_trans="11" name="WaitReadAPPS" type="preempted" weight="1" priority="7">
        <transition_resource ref="r0"/>
        <time EFT="0" LFT="0"/>
    </transition>
    <transition id="t12" id_trans="12" name="ReadAPPS" type="preempted" weight="1" priority="7">
        <transition_resource ref="r0"/>
        <time EFT="1" LFT="1"/>
    </transition>
    <transition id="t13" id_trans="13" name="SendData" type="preempted" weight="1" priority="7">
        <transition_resource ref="r0"/>
        <time EFT="1" LFT="1"/>
    </transition>
    <transition id="t10" id_trans="10" name="CheckPlausability" type="preempted" weight="1" priority="7">
        <transition_resource ref="r0"/>
        <time EFT="1" LFT="1"/>
    </transition>
    <transition id="t14" id_trans="14" name="FanContrTask" type="preempted" weight="1" priority="7">
        <time EFT="100000" LFT="100000"/>
    </transition>
    <transition id="t15" id_trans="15" name="WaitReadTempData" type="preempted" weight="1" priority="7">
        <transition_resource ref="r0"/>
        <time EFT="0" LFT="0"/>
    </transition>
    <transition id="t16" id_trans="16" name="ReadTempData" type="preempted" weight="1" priority="7">
        <transition_resource ref="r0"/>
        <time EFT="1" LFT="1"/>
    </transition>
    <transition id="t17" id_trans="17" name="HandleFanSpeed" type="preempted" weight="1" priority="7">
        <transition_resource ref="r0"/>
        <time EFT="1" LFT="1"/>
    </transition>
    <transition id="t18" id_trans="18" name="CanHandlerTask" type="preempted" weight="1" priority="5">
        <time EFT="40000" LFT="40000"/>
    </transition>
    <transition id="t19" id_trans="19" name="WaitEngineCanRxHandler" type="preempted" weight="1" priority="5">
        <transition_resource ref="r0"/>
        <time EFT="0" LFT="0"/>
    </transition>
    <transition id="t20" id_trans="20" name="EngineCanRxHandler" type="preempted" weight="1" priority="5">
        <transition_resource ref="r0"/>
        <time EFT="1" LFT="6"/>
    </transition>
    <transition id="t21" id_trans="21" name="WaitASCanRxHandler" type="preempted" weight="1" priority="5">
        <transition_resource ref="r0"/>
        <time EFT="0" LFT="0"/>
    </transition>
    <transition id="t24" id_trans="24" name="ASCanRxHandler" type="preempted" weight="1" priority="5">
        <transition_resource ref="r0"/>
        <time EFT="1" LFT="6"/>
    </transition>
    <transition id="t25" id_trans="25" name="WaitEngingCanTxHandler" type="preempted" weight="1" priority="5">
        <transition_resource ref="r0"/>
        <time EFT="0" LFT="0"/>
    </transition>
    <transition id="t22" id_trans="22" name="EngineCanTxHandler" type="preempted" weight="1" priority="5">
        <transition_resource ref="r0"/>
        <time EFT="1" LFT="6"/>
    </transition>
    <transition id="t28" id_trans="28" name="ASCanTxHandler" type="preempted" weight="1" priority="5">
        <transition_resource ref="r0"/>
        <time EFT="1" LFT="6"/>
    </transition>
    <transition id="t23" id_trans="23" name="WaitASCanTxHandler" type="preempted" weight="1" priority="5">
        <transition_resource ref="r0"/>
        <time EFT="0" LFT="0"/>
    </transition>
    <transition id="t29" id_trans="29" name="ErrHandASTask" type="preempted" weight="1" priority="5">
        <time EFT="10000" LFT="10000"/>
    </transition>
    <transition id="t27" id_trans="27" name="WaitCheckCan" type="preempted" weight="1" priority="5">
        <transition_resource ref="r0"/>
        <time EFT="0" LFT="0"/>
    </transition>
    <transition id="t30" id_trans="30" name="CheckCAN" type="preempted" weight="1" priority="5">
        <transition_resource ref="r0"/>
        <time EFT="1" LFT="1"/>
    </transition>
    <transition id="t31" id_trans="31" name="WaitReadHeartbit" type="preempted" weight="1" priority="5">
        <transition_resource ref="r0"/>
        <time EFT="0" LFT="0"/>
    </transition>
    <transition id="t32" id_trans="32" name="ReadHeartbit" type="preempted" weight="1" priority="0">
        <transition_resource ref="r0"/>
        <time EFT="1" LFT="2"/>
    </transition>
    <transition id="t33" id_trans="33" name="WaitGetEBSAirPressure" type="preempted" weight="1" priority="5">
        <transition_resource ref="r0"/>
        <time EFT="0" LFT="0"/>
    </transition>
    <transition id="t34" id_trans="34" name="GetEBSAirPressure" type="preempted" weight="1" priority="0">
        <transition_resource ref="r0"/>
        <time EFT="1" LFT="2"/>
    </transition>
    <transition id="t35" id_trans="35" name="EngageSDCIn" type="preempted" weight="1" priority="5">
        <transition_resource ref="r0"/>
        <time EFT="11" LFT="50"/>
    </transition>
    <transition id="t38" id_trans="38" name="CheckModeTask" type="preempted" weight="1" priority="0">
        <time EFT="200000" LFT="200000"/>
    </transition>
    <transition id="t39" id_trans="39" name="WaitReadModeData" type="preempted" weight="1" priority="7">
        <transition_resource ref="r0"/>
        <time EFT="0" LFT="0"/>
    </transition>
    <transition id="t40" id_trans="40" name="UpdateMode" type="preempted" weight="1" priority="7">
        <transition_resource ref="r0"/>
        <time EFT="1" LFT="1"/>
    </transition>
    <transition id="t37" id_trans="37" name="ReadModeData" type="preempted" weight="1" priority="7">
        <transition_resource ref="r0"/>
        <time EFT="1" LFT="2"/>
    </transition>
    <transition id="t41" id_trans="41" name="WaitReadRPM" type="preempted" weight="1" priority="7">
        <transition_resource ref="r0"/>
        <time EFT="0" LFT="0"/>
    </transition>
    <transition id="t42" id_trans="42" name="ReadRPM" type="preempted" weight="1" priority="7">
        <transition_resource ref="r0"/>
        <time EFT="1" LFT="1"/>
    </transition>
    <transition id="t43" id_trans="43" name="CheckPlausability1" type="preempted" weight="1" priority="7">
        <transition_resource ref="r0"/>
        <time EFT="1" LFT="1"/>
    </transition>
    <transition id="t44" id_trans="44" name="CheckMode2" type="preempted" weight="1" priority="7">
        <transition_resource ref="r0"/>
        <time EFT="1" LFT="1"/>
    </transition>
    <transition id="t45" id_trans="45" name="CheckASMSOff" type="preempted" weight="1" priority="0">
        <transition_resource ref="r0"/>
        <time EFT="1" LFT="1"/>
    </transition>
    <transition id="t46" id_trans="46" name="ReadRPMIn1" type="preempted" weight="1" priority="0">
        <transition_resource ref="r0"/>
        <time EFT="1" LFT="1"/>
    </transition>
    <transition id="t48" id_trans="48" name="CheckMode1" type="preempted" weight="1" priority="7">
        <transition_resource ref="r0"/>
        <time EFT="0" LFT="0"/>
    </transition>
    <transition id="t49" id_trans="49" name="CheckMode3" type="preempted" weight="1" priority="7">
        <transition_resource ref="r0"/>
        <time EFT="0" LFT="0"/>
    </transition>
    <transition id="t47" id_trans="47" name="ASBChecKTask" type="preempted" weight="1" priority="0">
        <time EFT="0" LFT="0"/>
    </transition>
    <transition id="t50" id_trans="50" name="WaitReadEBSAirPressure" type="preempted" weight="1" priority="5">
        <transition_resource ref="r0"/>
        <time EFT="0" LFT="0"/>
    </transition>
    <transition id="t51" id_trans="51" name="ReadEBSAirPressure" type="preempted" weight="1" priority="5">
        <transition_resource ref="r0"/>
        <time EFT="1" LFT="2"/>
    </transition>
    <transition id="t52" id_trans="52" name="ASBCkeck2" type="preempted" weight="1" priority="5">
        <transition_resource ref="r0"/>
        <time EFT="0" LFT="0"/>
    </transition>
    <transition id="t53" id_trans="53" name="ASBCkeck1" type="preempted" weight="1" priority="5">
        <transition_resource ref="r0"/>
        <time EFT="0" LFT="0"/>
    </transition>
    <transition id="t54" id_trans="54" name="WaitReadBrakePressure" type="preempted" weight="1" priority="5">
        <transition_resource ref="r0"/>
        <time EFT="0" LFT="0"/>
    </transition>
    <transition id="t26" id_trans="26" name="ReadBrakePressure" type="preempted" weight="1" priority="5">
        <transition_resource ref="r0"/>
        <time EFT="1" LFT="2"/>
    </transition>
    <transition id="t55" id_trans="55" name="WaitReadRPM2" type="preempted" weight="1" priority="5">
        <transition_resource ref="r0"/>
        <time EFT="0" LFT="0"/>
    </transition>
    <transition id="t56" id_trans="56" name="ReadRPM2" type="preempted" weight="1" priority="5">
        <transition_resource ref="r0"/>
        <time EFT="1" LFT="1"/>
    </transition>
    <transition id="t57" id_trans="57" name="TurnOffEBSValves" type="preempted" weight="1" priority="5">
        <transition_resource ref="r0"/>
        <time EFT="11" LFT="50"/>
    </transition>
    <transition id="t58" id_trans="58" name="WaitReadBrakePressure1" type="preempted" weight="1" priority="5">
        <transition_resource ref="r0"/>
        <time EFT="0" LFT="0"/>
    </transition>
    <transition id="t59" id_trans="59" name="ReadBrakePressure1" type="preempted" weight="1" priority="5">
        <transition_resource ref="r0"/>
        <time EFT="1" LFT="2"/>
    </transition>
    <transition id="t60" id_trans="60" name="CheckMode5" type="preempted" weight="1" priority="5">
        <transition_resource ref="r0"/>
        <time EFT="0" LFT="0"/>
    </transition>
    <transition id="t61" id_trans="61" name="CheckMode6" type="preempted" weight="1" priority="5">
        <transition_resource ref="r0"/>
        <time EFT="0" LFT="0"/>
    </transition>
    <transition id="t62" id_trans="62" name="TurnOnEBSValves" type="preempted" weight="1" priority="5">
        <transition_resource ref="r0"/>
        <time EFT="11" LFT="50"/>
    </transition>
    <transition id="t63" id_trans="63" name="WaitReadEBSAirPressure1" type="preempted" weight="1" priority="5">
        <transition_resource ref="r0"/>
        <time EFT="0" LFT="0"/>
    </transition>
    <transition id="t65" id_trans="65" name="ReadEBSAirPRessure1" type="preempted" weight="1" priority="5">
        <transition_resource ref="r0"/>
        <time EFT="1" LFT="2"/>
    </transition>
    <transition id="t67" id_trans="67" name="CheckMode8" type="preempted" weight="1" priority="5">
        <transition_resource ref="r0"/>
        <time EFT="0" LFT="0"/>
    </transition>
    <transition id="t66" id_trans="66" name="CheckMode7" type="preempted" weight="1" priority="5">
        <transition_resource ref="r0"/>
        <time EFT="0" LFT="0"/>
    </transition>
    <transition id="t68" id_trans="68" name="WaitSetASBCheckIn" type="preempted" weight="1" priority="5">
        <transition_resource ref="r0"/>
        <time EFT="0" LFT="0"/>
    </transition>
    <transition id="t69" id_trans="69" name="SetASBCheck" type="preempted" weight="1" priority="5">
        <transition_resource ref="r0"/>
        <time EFT="1" LFT="1"/>
    </transition>
    <transition id="t70" id_trans="70" name="SendPCStart" type="preempted" weight="1" priority="5">
        <transition_resource ref="r0"/>
        <time EFT="11" LFT="50"/>
    </transition>
    <transition id="t71" id_trans="71" name="OpenSDC" type="preempted" weight="1" priority="5">
        <transition_resource ref="r0"/>
        <time EFT="11" LFT="50"/>
    </transition>
    <transition id="t72" id_trans="72" name="SendErrorToPilot" type="preempted" weight="1" priority="5">
        <transition_resource ref="r0"/>
        <time EFT="11" LFT="50"/>
    </transition>
    <transition id="t73" id_trans="73" name="CeckMode3" type="preempted" weight="1" priority="5">
        <transition_resource ref="r0"/>
        <time EFT="0" LFT="0"/>
    </transition>
    <transition id="t74" id_trans="74" name="CheckMode4" type="preempted" weight="1" priority="0">
        <transition_resource ref="r0"/>
        <time EFT="0" LFT="-1"/>
    </transition>
    <transition id="t75" id_trans="75" name="ASAccTask" type="preempted" weight="1" priority="0">
        <time EFT="100000" LFT="100000"/>
    </transition>
    <transition id="t76" id_trans="76" name="WaitReadEngineData" type="preempted" weight="1" priority="7">
        <transition_resource ref="r0"/>
        <time EFT="0" LFT="0"/>
    </transition>
    <transition id="t77" id_trans="77" name="ReadEngineData" type="preempted" weight="1" priority="7">
        <transition_resource ref="r0"/>
        <time EFT="1" LFT="1"/>
    </transition>
    <transition id="t78" id_trans="78" name="ASStateHandlerTask" type="preempted" weight="1" priority="0">
        <time EFT="200000" LFT="200000"/>
    </transition>
    <transition id="t79" id_trans="79" name="WaitReadRPM3" type="preempted" weight="1" priority="7">
        <transition_resource ref="r0"/>
        <time EFT="0" LFT="0"/>
    </transition>
    <transition id="t80" id_trans="80" name="ReadRPM3" type="preempted" weight="1" priority="7">
        <transition_resource ref="r0"/>
        <time EFT="1" LFT="1"/>
    </transition>
    <transition id="t81" id_trans="81" name="WaitReadASData" type="preempted" weight="1" priority="7">
        <transition_resource ref="r0"/>
        <time EFT="0" LFT="0"/>
    </transition>
    <transition id="t82" id_trans="82" name="ReadASData" type="preempted" weight="1" priority="7">
        <transition_resource ref="r0"/>
        <time EFT="1" LFT="2"/>
    </transition>
    <transition id="t83" id_trans="83" name="ReadGPIO" type="preempted" weight="1" priority="7">
        <transition_resource ref="r0"/>
        <time EFT="1" LFT="1"/>
    </transition>
    <transition id="t84" id_trans="84" name="WaitReadCheckASB" type="preempted" weight="1" priority="7">
        <transition_resource ref="r0"/>
        <time EFT="0" LFT="0"/>
    </transition>
    <transition id="t85" id_trans="85" name="ReadCheckASB" type="preempted" weight="1" priority="7">
        <transition_resource ref="r0"/>
        <time EFT="1" LFT="1"/>
    </transition>
    <transition id="t87" id_trans="87" name="ASStateHandler2" type="preempted" weight="1" priority="7">
        <transition_resource ref="r0"/>
        <time EFT="0" LFT="0"/>
    </transition>
    <transition id="t86" id_trans="86" name="ASSTateHandler1" type="preempted" weight="1" priority="7">
        <transition_resource ref="r0"/>
        <time EFT="0" LFT="0"/>
    </transition>
    <transition id="t88" id_trans="88" name="ASStateHandler3" type="preempted" weight="1" priority="7">
        <transition_resource ref="r0"/>
        <time EFT="0" LFT="0"/>
    </transition>
    <transition id="t89" id_trans="89" name="ASStateHandler4" type="preempted" weight="1" priority="7">
        <transition_resource ref="r0"/>
        <time EFT="0" LFT="0"/>
    </transition>
    <transition id="t90" id_trans="90" name="ASStateHandler5" type="preempted" weight="1" priority="7">
        <transition_resource ref="r0"/>
        <time EFT="0" LFT="-1"/>
    </transition>
    <transition id="t91" id_trans="91" name="ASStateHandler6" type="preempted" weight="1" priority="7">
        <transition_resource ref="r0"/>
        <time EFT="0" LFT="0"/>
    </transition>
    <transition id="t92" id_trans="92" name="ASStateHandler7" type="preempted" weight="1" priority="7">
        <transition_resource ref="r0"/>
        <time EFT="0" LFT="0"/>
    </transition>
    <transition id="t94" id_trans="94" name="SetASFinished" type="preempted" weight="1" priority="7">
        <transition_resource ref="r0"/>
        <time EFT="1" LFT="1"/>
    </transition>
    <transition id="t96" id_trans="96" name="SetASDriving" type="preempted" weight="1" priority="7">
        <transition_resource ref="r0"/>
        <time EFT="1" LFT="5"/>
    </transition>
    <transition id="t97" id_trans="97" name="SetASReady" type="preempted" weight="1" priority="7">
        <transition_resource ref="r0"/>
        <time EFT="1" LFT="1"/>
    </transition>
    <transition id="t98" id_trans="98" name="SetASOff" type="preempted" weight="1" priority="7">
        <transition_resource ref="r0"/>
        <time EFT="1" LFT="1"/>
    </transition>
    <transition id="t93" id_trans="93" name="SetASEmergency" type="preempted" weight="1" priority="7">
        <transition_resource ref="r0"/>
        <time EFT="1" LFT="5"/>
    </transition>
    <transition id="t95" id_trans="95" name="WaitReadAccCan" type="preempted" weight="1" priority="7">
        <transition_resource ref="r0"/>
        <time EFT="0" LFT="0"/>
    </transition>
    <transition id="t99" id_trans="99" name="ReadAccCan" type="preempted" weight="1" priority="0">
        <transition_resource ref="r0"/>
        <time EFT="1" LFT="2"/>
    </transition>
    <transition id="t100" id_trans="100" name="ASAcc1" type="preempted" weight="1" priority="7">
        <transition_resource ref="r0"/>
        <time EFT="11" LFT="50"/>
    </transition>
    <transition id="t101" id_trans="101" name="ASAcc2" type="preempted" weight="1" priority="7">
        <transition_resource ref="r0"/>
        <time EFT="0" LFT="-1"/>
    </transition>
    <transition id="t102" id_trans="102" name="LauchRoutine" type="preempted" weight="1" priority="7">
        <transition_resource ref="r0"/>
        <time EFT="11" LFT="50"/>
    </transition>
    <transition id="t103" id_trans="103" name="SlowRoutine" type="preempted" weight="1" priority="7">
        <transition_resource ref="r0"/>
        <time EFT="11" LFT="50"/>
    </transition>
    <transition id="t104" id_trans="104" name="ASAcc3" type="preempted" weight="1" priority="7">
        <transition_resource ref="r0"/>
        <time EFT="0" LFT="0"/>
    </transition>
    <transition id="t105" id_trans="105" name="ASAcc4" type="preempted" weight="1" priority="7">
        <transition_resource ref="r0"/>
        <time EFT="0" LFT="0"/>
    </transition>
    <transition id="t106" id_trans="106" name="SetLaunch" type="preempted" weight="1" priority="7">
        <transition_resource ref="r0"/>
        <time EFT="1" LFT="1"/>
    </transition>
    <transition id="t107" id_trans="107" name="SendAccMotor" type="preempted" weight="1" priority="7">
        <transition_resource ref="r0"/>
        <time EFT="1" LFT="1"/>
    </transition>
    <transition id="t108" id_trans="108" name="GearTask" type="preempted" weight="1" priority="7">
        <time EFT="50000" LFT="50000"/>
    </transition>
    <transition id="t109" id_trans="109" name="WaitGetDesmoPosition" type="preempted" weight="1" priority="7">
        <transition_resource ref="r0"/>
        <time EFT="0" LFT="0"/>
    </transition>
    <transition id="t110" id_trans="110" name="GetDesmoPosition" type="preempted" weight="1" priority="7">
        <transition_resource ref="r0"/>
        <time EFT="1" LFT="2"/>
    </transition>
    <transition id="t111" id_trans="111" name="GetCurrentGear" type="preempted" weight="1" priority="7">
        <transition_resource ref="r0"/>
        <time EFT="9" LFT="15"/>
    </transition>
    <transition id="t112" id_trans="112" name="WaitReadRequestedShift" type="preempted" weight="1" priority="7">
        <transition_resource ref="r0"/>
        <time EFT="0" LFT="0"/>
    </transition>
    <transition id="t113" id_trans="113" name="ReadRequestedShift" type="preempted" weight="1" priority="7">
        <transition_resource ref="r0"/>
        <time EFT="1" LFT="2"/>
    </transition>
    <transition id="t114" id_trans="114" name="WaitReadRPM4" type="preempted" weight="1" priority="7">
        <transition_resource ref="r0"/>
        <time EFT="0" LFT="0"/>
    </transition>
    <transition id="t115" id_trans="115" name="ReadRPM4" type="preempted" weight="1" priority="7">
        <transition_resource ref="r0"/>
        <time EFT="1" LFT="2"/>
    </transition>
    <transition id="t116" id_trans="116" name="ActuateGear" type="preempted" weight="1" priority="7">
        <transition_resource ref="r0"/>
        <time EFT="1" LFT="2"/>
    </transition>
    <arc id="a0" id_arc="0" weight="1" type="post" source="t0" destination="p0"/>
    <arc id="a1" id_arc="1" weight="1" type="pre" source="p0" destination="t1"/>
    <arc id="a4" id_arc="4" weight="1" type="pre" source="p2" destination="t1"/>
    <arc id="a2" id_arc="2" weight="1" type="post" source="t1" destination="p1"/>
    <arc id="a3" id_arc="3" weight="1" type="pre" source="p1" destination="t2"/>
    <arc id="a5" id_arc="5" weight="1" type="post" source="t2" destination="p2"/>
    <arc id="a6" id_arc="6" weight="1" type="post" source="t3" destination="p3"/>
    <arc id="a7" id_arc="7" weight="1" type="pre" source="p3" destination="t4"/>
    <arc id="a14" id_arc="14" weight="1" type="pre" source="p2" destination="t4"/>
    <arc id="a8" id_arc="8" weight="1" type="post" source="t4" destination="p4"/>
    <arc id="a11" id_arc="11" weight="1" type="pre" source="p6" destination="t5"/>
    <arc id="a17" id_arc="17" weight="1" type="pre" source="p7" destination="t5"/>
    <arc id="a12" id_arc="12" weight="1" type="post" source="t5" destination="p5"/>
    <arc id="a19" id_arc="19" weight="1" type="pre" source="p8" destination="t8"/>
    <arc id="a9" id_arc="9" weight="1" type="pre" source="p4" destination="t9"/>
    <arc id="a10" id_arc="10" weight="1" type="post" source="t9" destination="p6"/>
    <arc id="a15" id_arc="15" weight="1" type="post" source="t9" destination="p2"/>
    <arc id="a13" id_arc="13" weight="1" type="pre" source="p5" destination="t7"/>
    <arc id="a16" id_arc="16" weight="1" type="post" source="t7" destination="p8"/>
    <arc id="a18" id_arc="18" weight="1" type="post" source="t7" destination="p7"/>
    <arc id="a20" id_arc="20" weight="1" type="post" source="t6" destination="p9"/>
    <arc id="a21" id_arc="21" weight="1" type="pre" source="p9" destination="t11"/>
    <arc id="a25" id_arc="25" weight="1" type="pre" source="p2" destination="t11"/>
    <arc id="a22" id_arc="22" weight="1" type="post" source="t11" destination="p10"/>
    <arc id="a23" id_arc="23" weight="1" type="pre" source="p10" destination="t12"/>
    <arc id="a24" id_arc="24" weight="1" type="post" source="t12" destination="p2"/>
    <arc id="a26" id_arc="26" weight="1" type="post" source="t12" destination="p12"/>
    <arc id="a27" id_arc="27" weight="1" type="pre" source="p12" destination="t13"/>
    <arc id="a28" id_arc="28" weight="1" type="post" source="t13" destination="p13"/>
    <arc id="a29" id_arc="29" weight="1" type="pre" source="p13" destination="t10"/>
    <arc id="a30" id_arc="30" weight="1" type="post" source="t14" destination="p15"/>
    <arc id="a31" id_arc="31" weight="1" type="pre" source="p15" destination="t15"/>
    <arc id="a37" id_arc="37" weight="1" type="pre" source="p11" destination="t15"/>
    <arc id="a32" id_arc="32" weight="1" type="post" source="t15" destination="p14"/>
    <arc id="a33" id_arc="33" weight="1" type="pre" source="p14" destination="t16"/>
    <arc id="a34" id_arc="34" weight="1" type="post" source="t16" destination="p16"/>
    <arc id="a36" id_arc="36" weight="1" type="post" source="t16" destination="p11"/>
    <arc id="a35" id_arc="35" weight="1" type="pre" source="p16" destination="t17"/>
    <arc id="a38" id_arc="38" weight="1" type="post" source="t18" destination="p17"/>
    <arc id="a39" id_arc="39" weight="1" type="pre" source="p17" destination="t19"/>
    <arc id="a58" id_arc="58" weight="1" type="pre" source="p11" destination="t19"/>
    <arc id="a40" id_arc="40" weight="1" type="post" source="t19" destination="p18"/>
    <arc id="a41" id_arc="41" weight="1" type="pre" source="p18" destination="t20"/>
    <arc id="a42" id_arc="42" weight="1" type="post" source="t20" destination="p19"/>
    <arc id="a59" id_arc="59" weight="1" type="post" source="t20" destination="p11"/>
    <arc id="a43" id_arc="43" weight="1" type="pre" source="p19" destination="t21"/>
    <arc id="a60" id_arc="60" weight="1" type="pre" source="p7" destination="t21"/>
    <arc id="a44" id_arc="44" weight="1" type="post" source="t21" destination="p20"/>
    <arc id="a45" id_arc="45" weight="1" type="pre" source="p20" destination="t24"/>
    <arc id="a46" id_arc="46" weight="1" type="post" source="t24" destination="p21"/>
    <arc id="a61" id_arc="61" weight="1" type="post" source="t24" destination="p7"/>
    <arc id="a47" id_arc="47" weight="1" type="pre" source="p21" destination="t25"/>
    <arc id="a54" id_arc="54" weight="1" type="pre" source="p27" destination="t25"/>
    <arc id="a48" id_arc="48" weight="1" type="post" source="t25" destination="p22"/>
    <arc id="a49" id_arc="49" weight="1" type="pre" source="p22" destination="t22"/>
    <arc id="a50" id_arc="50" weight="1" type="post" source="t22" destination="p23"/>
    <arc id="a55" id_arc="55" weight="1" type="post" source="t22" destination="p27"/>
    <arc id="a52" id_arc="52" weight="1" type="pre" source="p24" destination="t28"/>
    <arc id="a57" id_arc="57" weight="1" type="post" source="t28" destination="p27"/>
    <arc id="a51" id_arc="51" weight="1" type="pre" source="p23" destination="t23"/>
    <arc id="a56" id_arc="56" weight="1" type="pre" source="p27" destination="t23"/>
    <arc id="a53" id_arc="53" weight="1" type="post" source="t23" destination="p24"/>
    <arc id="a62" id_arc="62" weight="1" type="post" source="t29" destination="p25"/>
    <arc id="a63" id_arc="63" weight="1" type="pre" source="p25" destination="t27"/>
    <arc id="a66" id_arc="66" weight="1" type="pre" source="p27" destination="t27"/>
    <arc id="a64" id_arc="64" weight="1" type="post" source="t27" destination="p26"/>
    <arc id="a65" id_arc="65" weight="1" type="pre" source="p26" destination="t30"/>
    <arc id="a67" id_arc="67" weight="1" type="post" source="t30" destination="p27"/>
    <arc id="a68" id_arc="68" weight="1" type="post" source="t30" destination="p28"/>
    <arc id="a69" id_arc="69" weight="1" type="pre" source="p28" destination="t31"/>
    <arc id="a72" id_arc="72" weight="1" type="pre" source="p7" destination="t31"/>
    <arc id="a70" id_arc="70" weight="1" type="post" source="t31" destination="p29"/>
    <arc id="a71" id_arc="71" weight="1" type="pre" source="p29" destination="t32"/>
    <arc id="a73" id_arc="73" weight="1" type="post" source="t32" destination="p7"/>
    <arc id="a74" id_arc="74" weight="1" type="post" source="t32" destination="p30"/>
    <arc id="a75" id_arc="75" weight="1" type="pre" source="p30" destination="t33"/>
    <arc id="a78" id_arc="78" weight="1" type="pre" source="p2" destination="t33"/>
    <arc id="a76" id_arc="76" weight="1" type="post" source="t33" destination="p31"/>
    <arc id="a77" id_arc="77" weight="1" type="pre" source="p31" destination="t34"/>
    <arc id="a79" id_arc="79" weight="1" type="post" source="t34" destination="p2"/>
    <arc id="a80" id_arc="80" weight="1" type="post" source="t34" destination="p32"/>
    <arc id="a81" id_arc="81" weight="1" type="pre" source="p32" destination="t35"/>
    <arc id="a105" id_arc="105" weight="1" type="post" source="t38" destination="p43"/>
    <arc id="a83" id_arc="83" weight="1" type="pre" source="p33" destination="t39"/>
    <arc id="a86" id_arc="86" weight="1" type="pre" source="p7" destination="t39"/>
    <arc id="a84" id_arc="84" weight="1" type="post" source="t39" destination="p34"/>
    <arc id="a91" id_arc="91" weight="1" type="pre" source="p35" destination="t40"/>
    <arc id="a92" id_arc="92" weight="1" type="post" source="t40" destination="p36"/>
    <arc id="a85" id_arc="85" weight="1" type="pre" source="p34" destination="t37"/>
    <arc id="a87" id_arc="87" weight="1" type="post" source="t37" destination="p7"/>
    <arc id="a90" id_arc="90" weight="1" type="post" source="t37" destination="p35"/>
    <arc id="a93" id_arc="93" weight="1" type="pre" source="p36" destination="t41"/>
    <arc id="a89" id_arc="89" weight="1" type="pre" source="p11" destination="t41"/>
    <arc id="a94" id_arc="94" weight="1" type="post" source="t41" destination="p37"/>
    <arc id="a95" id_arc="95" weight="1" type="pre" source="p37" destination="t42"/>
    <arc id="a96" id_arc="96" weight="1" type="post" source="t42" destination="p38"/>
    <arc id="a88" id_arc="88" weight="1" type="post" source="t42" destination="p11"/>
    <arc id="a97" id_arc="97" weight="1" type="pre" source="p38" destination="t43"/>
    <arc id="a98" id_arc="98" weight="1" type="pre" source="p43" destination="t44"/>
    <arc id="a82" id_arc="82" weight="1" type="post" source="t44" destination="p39"/>
    <arc id="a108" id_arc="108" weight="1" type="pre" source="p42" destination="t45"/>
    <arc id="a100" id_arc="100" weight="1" type="pre" source="p39" destination="t46"/>
    <arc id="a101" id_arc="101" weight="1" type="post" source="t46" destination="p40"/>
    <arc id="a106" id_arc="106" weight="1" type="pre" source="p43" destination="t48"/>
    <arc id="a107" id_arc="107" weight="1" type="post" source="t48" destination="p33"/>
    <arc id="a99" id_arc="99" weight="1" type="pre" source="p43" destination="t49"/>
    <arc id="a104" id_arc="104" weight="1" type="post" source="t49" destination="p42"/>
    <arc id="a102" id_arc="102" weight="1" type="pre" source="p40" destination="t47"/>
    <arc id="a103" id_arc="103" weight="1" type="post" source="t47" destination="p45"/>
    <arc id="a114" id_arc="114" weight="1" type="pre" source="p45" destination="t50"/>
    <arc id="a154" id_arc="154" weight="1" type="pre" source="p2" destination="t50"/>
    <arc id="a110" id_arc="110" weight="1" type="post" source="t50" destination="p44"/>
    <arc id="a111" id_arc="111" weight="1" type="pre" source="p44" destination="t51"/>
    <arc id="a115" id_arc="115" weight="1" type="post" source="t51" destination="p46"/>
    <arc id="a153" id_arc="153" weight="1" type="post" source="t51" destination="p2"/>
    <arc id="a118" id_arc="118" weight="1" type="pre" source="p41" destination="t52"/>
    <arc id="a147" id_arc="147" weight="1" type="post" source="t52" destination="p61"/>
    <arc id="a113" id_arc="113" weight="1" type="pre" source="p41" destination="t53"/>
    <arc id="a119" id_arc="119" weight="1" type="post" source="t53" destination="p48"/>
    <arc id="a116" id_arc="116" weight="1" type="pre" source="p46" destination="t54"/>
    <arc id="a156" id_arc="156" weight="1" type="pre" source="p7" destination="t54"/>
    <arc id="a117" id_arc="117" weight="1" type="post" source="t54" destination="p47"/>
    <arc id="a109" id_arc="109" weight="1" type="pre" source="p47" destination="t26"/>
    <arc id="a112" id_arc="112" weight="1" type="post" source="t26" destination="p41"/>
    <arc id="a155" id_arc="155" weight="1" type="post" source="t26" destination="p7"/>
    <arc id="a120" id_arc="120" weight="1" type="pre" source="p48" destination="t55"/>
    <arc id="a162" id_arc="162" weight="1" type="pre" source="p11" destination="t55"/>
    <arc id="a121" id_arc="121" weight="1" type="post" source="t55" destination="p49"/>
    <arc id="a122" id_arc="122" weight="1" type="pre" source="p49" destination="t56"/>
    <arc id="a123" id_arc="123" weight="1" type="post" source="t56" destination="p63"/>
    <arc id="a161" id_arc="161" weight="1" type="post" source="t56" destination="p11"/>
    <arc id="a124" id_arc="124" weight="1" type="pre" source="p50" destination="t57"/>
    <arc id="a125" id_arc="125" weight="1" type="post" source="t57" destination="p51"/>
    <arc id="a126" id_arc="126" weight="1" type="pre" source="p51" destination="t58"/>
    <arc id="a164" id_arc="164" weight="1" type="pre" source="p7" destination="t58"/>
    <arc id="a127" id_arc="127" weight="1" type="post" source="t58" destination="p52"/>
    <arc id="a128" id_arc="128" weight="1" type="pre" source="p52" destination="t59"/>
    <arc id="a129" id_arc="129" weight="1" type="post" source="t59" destination="p53"/>
    <arc id="a163" id_arc="163" weight="1" type="post" source="t59" destination="p7"/>
    <arc id="a130" id_arc="130" weight="1" type="pre" source="p53" destination="t60"/>
    <arc id="a132" id_arc="132" weight="1" type="post" source="t60" destination="p54"/>
    <arc id="a131" id_arc="131" weight="1" type="pre" source="p53" destination="t61"/>
    <arc id="a148" id_arc="148" weight="1" type="post" source="t61" destination="p61"/>
    <arc id="a133" id_arc="133" weight="1" type="pre" source="p54" destination="t62"/>
    <arc id="a134" id_arc="134" weight="1" type="post" source="t62" destination="p55"/>
    <arc id="a135" id_arc="135" weight="1" type="pre" source="p55" destination="t63"/>
    <arc id="a166" id_arc="166" weight="1" type="pre" source="p2" destination="t63"/>
    <arc id="a136" id_arc="136" weight="1" type="post" source="t63" destination="p56"/>
    <arc id="a137" id_arc="137" weight="1" type="pre" source="p56" destination="t65"/>
    <arc id="a138" id_arc="138" weight="1" type="post" source="t65" destination="p57"/>
    <arc id="a165" id_arc="165" weight="1" type="post" source="t65" destination="p2"/>
    <arc id="a140" id_arc="140" weight="1" type="pre" source="p57" destination="t67"/>
    <arc id="a149" id_arc="149" weight="1" type="post" source="t67" destination="p61"/>
    <arc id="a139" id_arc="139" weight="1" type="pre" source="p57" destination="t66"/>
    <arc id="a141" id_arc="141" weight="1" type="post" source="t66" destination="p58"/>
    <arc id="a142" id_arc="142" weight="1" type="pre" source="p58" destination="t68"/>
    <arc id="a168" id_arc="168" weight="1" type="pre" source="p64" destination="t68"/>
    <arc id="a143" id_arc="143" weight="1" type="post" source="t68" destination="p59"/>
    <arc id="a144" id_arc="144" weight="1" type="pre" source="p59" destination="t69"/>
    <arc id="a145" id_arc="145" weight="1" type="post" source="t69" destination="p60"/>
    <arc id="a167" id_arc="167" weight="1" type="post" source="t69" destination="p64"/>
    <arc id="a146" id_arc="146" weight="1" type="pre" source="p60" destination="t70"/>
    <arc id="a150" id_arc="150" weight="1" type="pre" source="p61" destination="t71"/>
    <arc id="a151" id_arc="151" weight="1" type="post" source="t71" destination="p62"/>
    <arc id="a152" id_arc="152" weight="1" type="pre" source="p62" destination="t72"/>
    <arc id="a158" id_arc="158" weight="1" type="pre" source="p63" destination="t73"/>
    <arc id="a160" id_arc="160" weight="1" type="post" source="t73" destination="p48"/>
    <arc id="a157" id_arc="157" weight="1" type="pre" source="p63" destination="t74"/>
    <arc id="a159" id_arc="159" weight="1" type="post" source="t74" destination="p50"/>
    <arc id="a169" id_arc="169" weight="1" type="post" source="t75" destination="p65"/>
    <arc id="a170" id_arc="170" weight="1" type="pre" source="p65" destination="t76"/>
    <arc id="a233" id_arc="233" weight="1" type="pre" source="p11" destination="t76"/>
    <arc id="a171" id_arc="171" weight="1" type="post" source="t76" destination="p66"/>
    <arc id="a172" id_arc="172" weight="1" type="pre" source="p66" destination="t77"/>
    <arc id="a213" id_arc="213" weight="1" type="post" source="t77" destination="p77"/>
    <arc id="a232" id_arc="232" weight="1" type="post" source="t77" destination="p11"/>
    <arc id="a173" id_arc="173" weight="1" type="post" source="t78" destination="p67"/>
    <arc id="a174" id_arc="174" weight="1" type="pre" source="p67" destination="t79"/>
    <arc id="a189" id_arc="189" weight="1" type="pre" source="p11" destination="t79"/>
    <arc id="a175" id_arc="175" weight="1" type="post" source="t79" destination="p68"/>
    <arc id="a176" id_arc="176" weight="1" type="pre" source="p68" destination="t80"/>
    <arc id="a177" id_arc="177" weight="1" type="post" source="t80" destination="p69"/>
    <arc id="a188" id_arc="188" weight="1" type="post" source="t80" destination="p11"/>
    <arc id="a178" id_arc="178" weight="1" type="pre" source="p69" destination="t81"/>
    <arc id="a191" id_arc="191" weight="1" type="pre" source="p7" destination="t81"/>
    <arc id="a179" id_arc="179" weight="1" type="post" source="t81" destination="p70"/>
    <arc id="a180" id_arc="180" weight="1" type="pre" source="p70" destination="t82"/>
    <arc id="a181" id_arc="181" weight="1" type="post" source="t82" destination="p71"/>
    <arc id="a190" id_arc="190" weight="1" type="post" source="t82" destination="p7"/>
    <arc id="a182" id_arc="182" weight="1" type="pre" source="p71" destination="t83"/>
    <arc id="a183" id_arc="183" weight="1" type="post" source="t83" destination="p72"/>
    <arc id="a184" id_arc="184" weight="1" type="pre" source="p72" destination="t84"/>
    <arc id="a193" id_arc="193" weight="1" type="pre" source="p64" destination="t84"/>
    <arc id="a185" id_arc="185" weight="1" type="post" source="t84" destination="p73"/>
    <arc id="a186" id_arc="186" weight="1" type="pre" source="p73" destination="t85"/>
    <arc id="a187" id_arc="187" weight="1" type="post" source="t85" destination="p74"/>
    <arc id="a192" id_arc="192" weight="1" type="post" source="t85" destination="p64"/>
    <arc id="a195" id_arc="195" weight="1" type="pre" source="p74" destination="t87"/>
    <arc id="a202" id_arc="202" weight="1" type="post" source="t87" destination="p76"/>
    <arc id="a194" id_arc="194" weight="1" type="pre" source="p74" destination="t86"/>
    <arc id="a201" id_arc="201" weight="1" type="post" source="t86" destination="p75"/>
    <arc id="a196" id_arc="196" weight="1" type="pre" source="p74" destination="t88"/>
    <arc id="a204" id_arc="204" weight="1" type="post" source="t88" destination="p75"/>
    <arc id="a197" id_arc="197" weight="1" type="pre" source="p74" destination="t89"/>
    <arc id="a208" id_arc="208" weight="1" type="post" source="t89" destination="p78"/>
    <arc id="a198" id_arc="198" weight="1" type="pre" source="p74" destination="t90"/>
    <arc id="a207" id_arc="207" weight="1" type="post" source="t90" destination="p79"/>
    <arc id="a199" id_arc="199" weight="1" type="pre" source="p74" destination="t91"/>
    <arc id="a206" id_arc="206" weight="1" type="post" source="t91" destination="p80"/>
    <arc id="a200" id_arc="200" weight="1" type="pre" source="p74" destination="t92"/>
    <arc id="a212" id_arc="212" weight="1" type="post" source="t92" destination="p80"/>
    <arc id="a203" id_arc="203" weight="1" type="pre" source="p76" destination="t94"/>
    <arc id="a209" id_arc="209" weight="1" type="pre" source="p78" destination="t96"/>
    <arc id="a210" id_arc="210" weight="1" type="pre" source="p79" destination="t97"/>
    <arc id="a211" id_arc="211" weight="1" type="pre" source="p80" destination="t98"/>
    <arc id="a205" id_arc="205" weight="1" type="pre" source="p75" destination="t93"/>
    <arc id="a214" id_arc="214" weight="1" type="pre" source="p77" destination="t95"/>
    <arc id="a235" id_arc="235" weight="1" type="pre" source="p7" destination="t95"/>
    <arc id="a215" id_arc="215" weight="1" type="post" source="t95" destination="p81"/>
    <arc id="a216" id_arc="216" weight="1" type="pre" source="p81" destination="t99"/>
    <arc id="a217" id_arc="217" weight="1" type="post" source="t99" destination="p82"/>
    <arc id="a234" id_arc="234" weight="1" type="post" source="t99" destination="p7"/>
    <arc id="a218" id_arc="218" weight="1" type="pre" source="p82" destination="t100"/>
    <arc id="a220" id_arc="220" weight="1" type="post" source="t100" destination="p83"/>
    <arc id="a219" id_arc="219" weight="1" type="pre" source="p82" destination="t101"/>
    <arc id="a222" id_arc="222" weight="1" type="post" source="t101" destination="p84"/>
    <arc id="a221" id_arc="221" weight="1" type="pre" source="p83" destination="t102"/>
    <arc id="a223" id_arc="223" weight="1" type="pre" source="p84" destination="t103"/>
    <arc id="a224" id_arc="224" weight="1" type="post" source="t103" destination="p85"/>
    <arc id="a225" id_arc="225" weight="1" type="pre" source="p85" destination="t104"/>
    <arc id="a227" id_arc="227" weight="1" type="post" source="t104" destination="p87"/>
    <arc id="a226" id_arc="226" weight="1" type="pre" source="p85" destination="t105"/>
    <arc id="a231" id_arc="231" weight="1" type="post" source="t105" destination="p86"/>
    <arc id="a228" id_arc="228" weight="1" type="pre" source="p87" destination="t106"/>
    <arc id="a229" id_arc="229" weight="1" type="post" source="t106" destination="p86"/>
    <arc id="a230" id_arc="230" weight="1" type="pre" source="p86" destination="t107"/>
    <arc id="a236" id_arc="236" weight="1" type="post" source="t108" destination="p88"/>
    <arc id="a237" id_arc="237" weight="1" type="pre" source="p88" destination="t109"/>
    <arc id="a253" id_arc="253" weight="1" type="pre" source="p2" destination="t109"/>
    <arc id="a238" id_arc="238" weight="1" type="post" source="t109" destination="p89"/>
    <arc id="a239" id_arc="239" weight="1" type="pre" source="p89" destination="t110"/>
    <arc id="a240" id_arc="240" weight="1" type="post" source="t110" destination="p90"/>
    <arc id="a252" id_arc="252" weight="1" type="post" source="t110" destination="p2"/>
    <arc id="a241" id_arc="241" weight="1" type="pre" source="p90" destination="t111"/>
    <arc id="a242" id_arc="242" weight="1" type="post" source="t111" destination="p91"/>
    <arc id="a243" id_arc="243" weight="1" type="pre" source="p91" destination="t112"/>
    <arc id="a255" id_arc="255" weight="1" type="pre" source="p7" destination="t112"/>
    <arc id="a244" id_arc="244" weight="1" type="post" source="t112" destination="p92"/>
    <arc id="a245" id_arc="245" weight="1" type="pre" source="p92" destination="t113"/>
    <arc id="a246" id_arc="246" weight="1" type="post" source="t113" destination="p93"/>
    <arc id="a254" id_arc="254" weight="1" type="post" source="t113" destination="p7"/>
    <arc id="a247" id_arc="247" weight="1" type="pre" source="p93" destination="t114"/>
    <arc id="a257" id_arc="257" weight="1" type="pre" source="p11" destination="t114"/>
    <arc id="a248" id_arc="248" weight="1" type="post" source="t114" destination="p94"/>
    <arc id="a249" id_arc="249" weight="1" type="pre" source="p94" destination="t115"/>
    <arc id="a250" id_arc="250" weight="1" type="post" source="t115" destination="p95"/>
    <arc id="a256" id_arc="256" weight="1" type="post" source="t115" destination="p11"/>
    <arc id="a251" id_arc="251" weight="1" type="pre" source="p95" destination="t116"/>
</net>